CREATE DATABASE Hotel_Management;
USE Hotel_Management;


CREATE TABLE guest(
    guest_id INT NOT NULL AUTO_INCREMENT,
    first_name VARCHAR(20) NOT NULL,
    last_name VARCHAR(20) NOT NULL,
    contact_number VARCHAR(15) NOT NULL,
    email_address VARCHAR(35) NOT NULL,
    nationality VARCHAR(20) DEFAULT 'Filipino',
    PRIMARY KEY (guest_id)
) AUTO_INCREMENT = 1001;

CREATE TABLE RoomType (
    room_type_id INT PRIMARY KEY,
    type_name VARCHAR(50) NOT NULL,
    rate_per_type DECIMAL(10,2) NOT NULL,
    capacity INT NOT NULL
);
 
CREATE TABLE room(
    room_id INT PRIMARY KEY,
    room_type_id INT NOT NULL,
    availability_status ENUM('Occupied', 'Reserved', 'Vacant') DEFAULT 'Vacant' NOT NULL,
   
   -- Foreign Key
    FOREIGN KEY (room_type_id) REFERENCES roomtype(room_type_id)
);

CREATE TABLE employee(
    employee_id INT NOT NULL AUTO_INCREMENT ,
	first_name VARCHAR(20) NOT NULL,
    last_name VARCHAR(20) NOT NULL,
    emp_position ENUM ('Front Desk','Housekeeping','Admin') NOT NULL,
    emp_status ENUM('Active', 'Leave-vacation', 'Leave-sick', 'Leave-maternity') DEFAULT 'Active' NOT NULL,
    PRIMARY KEY (employee_id)
);

CREATE TABLE housekeeping_item(
    housekeeping_item_id INT NOT NULL AUTO_INCREMENT,
	item_name VARCHAR(20) NOT NULL UNIQUE,
    cost_per_unit DECIMAL(10,2) NOT NULL,
    current_stock INT NOT NULL,
    minimum_stock INT NOT NULL,
	max_stock_storage INT NOT NULL,
    PRIMARY KEY (housekeeping_item_id)
);

CREATE TABLE booking (
    booking_id INT NOT NULL AUTO_INCREMENT,
    guest_id INT NOT NULL,
    room_id INT NOT NULL,
    booking_date DATE NOT NULL,
    start_date DATE NOT NULL,
    end_date DATE NOT NULL,
    
    PRIMARY KEY (booking_id),
    
    -- Foreign Keys
    FOREIGN KEY (guest_id) REFERENCES guest(guest_id),
    FOREIGN KEY (room_id) REFERENCES room(room_id)
);

CREATE TABLE payment (
    payment_id INT NOT NULL AUTO_INCREMENT,
    booking_id INT NOT NULL UNIQUE,
    amount_paid DECIMAL(10,2) NOT NULL,
    payment_method ENUM('Cash','Credit Card','Debit Card') NOT NULL,
    payment_datetime DATETIME NOT NULL,
    
    PRIMARY KEY (payment_id),
    
    -- Foreign Keys
    FOREIGN KEY (booking_id) REFERENCES booking(booking_id)
);

CREATE TABLE GuestStay(
    transaction_id INT NOT NULL AUTO_INCREMENT,
    booking_id INT NOT NULL UNIQUE,
    employee_id INT NOT NULL,
    check_in_time_date DATETIME,
    expected_check_out_time_date DATETIME,
    actual_check_out_time_date DATETIME,
    remarks VARCHAR(100),

    PRIMARY KEY (transaction_id),
    
    -- Foreign Keys
    FOREIGN KEY (booking_id) REFERENCES booking(booking_id),
    FOREIGN KEY (employee_id) REFERENCES employee(employee_id)
);

CREATE TABLE housekeeping_item_issuance (
    issuance_id INT NOT NULL AUTO_INCREMENT,
    housekeeping_item_id INT NOT NULL,
    employee_id INT NOT NULL,
    issuer_id INT NOT NULL,
    quantity_issued INT NOT NULL,
    date_issued DATETIME DEFAULT CURRENT_TIMESTAMP,
    remarks TEXT NULL,

    PRIMARY KEY (issuance_id),

    -- Foreign Keys
    FOREIGN KEY (housekeeping_item_id) REFERENCES housekeeping_item(housekeeping_item_id),
    FOREIGN KEY (employee_id) REFERENCES employee(employee_id),
    FOREIGN KEY (issuer_id) REFERENCES employee(employee_id)
);

-- For payment table - keep records but set booking_id to NULL
ALTER TABLE payment
DROP FOREIGN KEY payment_ibfk_1;

ALTER TABLE payment 
ADD CONSTRAINT payment_ibfk_1
FOREIGN KEY (booking_id)
REFERENCES booking(booking_id)
ON DELETE SET NULL;

-- For gueststay table - either remove constraint or set to NULL
ALTER TABLE gueststay
DROP FOREIGN KEY gueststay_ibfk_1;

ALTER TABLE gueststay 
ADD CONSTRAINT gueststay_ibfk_1
FOREIGN KEY (booking_id)
REFERENCES booking(booking_id)
ON DELETE SET NULL;

-- Guests
INSERT INTO guest (first_name, last_name, contact_number, email_address) VALUES
('Juan', 'Dela Cruz', '09171234567', 'juan.delacruz@example.com'),
('Maria', 'Santos', '09281234568', 'maria.santos@example.com'),
('Jose', 'Reyes', '09091234569', 'jose.reyes@example.com'),
('Ana', 'Lopez', '09351234570', 'ana.lopez@example.com'),
('Pedro', 'Garcia', '09181234571', 'pedro.garcia@example.com'),
('Carmen', 'Mendoza', '09291234572', 'carmen.mendoza@example.com'),
('Ramon', 'Castro', '09451234573', 'ramon.castro@example.com'),
('Lucia', 'Torres', '09191234574', 'lucia.torres@example.com'),
('Diego', 'Bautista', '09301234575', 'diego.bautista@example.com'),
('Elena', 'Cruz', '09221234576', 'elena.cruz@example.com'),
('Mark', 'Villanueva', '09170010001', 'mark.villanueva@example.com'),
('Jenny', 'Ramirez', '09280010002', 'jenny.ramirez@example.com'),
('Leo', 'Domingo', '09350010003', 'leo.domingo@example.com'),
('Faith', 'Soriano', '09450010004', 'faith.soriano@example.com'),
('John', 'Aquino', '09170010005', 'john.aquino@example.com'),
('Bianca', 'Panganiban', '09280010006', 'bianca.panganiban@example.com'),
('Arthur', 'Manalo', '09350010007', 'arthur.manalo@example.com'),
('Shiela', 'Vergara', '09450010008', 'shiela.vergara@example.com'),
('Adrian', 'Salazar', '09170010009', 'adrian.salazar@example.com'),
('Jasmine', 'Valdez', '09280010010', 'jasmine.valdez@example.com'),
('Calvin', 'Navarro', '09350010011', 'calvin.navarro@example.com'),
('Denise', 'Mercado', '09450010012', 'denise.mercado@example.com'),
('Kevin', 'Fuentes', '09170010013', 'kevin.fuentes@example.com'),
('Mika', 'Roxas', '09280010014', 'mika.roxas@example.com'),
('Nathan', 'Padilla', '09350010015', 'nathan.padilla@example.com'),
('Rhea', 'Sarmiento', '09450010016', 'rhea.sarmiento@example.com'),
('Felix', 'Rubio', '09170010017', 'felix.rubio@example.com'),
('Irish', 'Villar', '09280010018', 'irish.villar@example.com'),
('Gabriel', 'Lim', '09350010019', 'gabriel.lim@example.com'),
('Nicole', 'Uy', '09450010020', 'nicole.uy@example.com'),
('Victor', 'Chavez', '09170010021', 'victor.chavez@example.com'),
('Angela', 'Fabian', '09280010022', 'angela.fabian@example.com'),
('Marc', 'Santos', '09350010023', 'marc.santos2@example.com'),
('Kate', 'Jimenez', '09450010024', 'kate.jimenez@example.com'),
('Joshua', 'Tan', '09170010025', 'joshua.tan@example.com'),
('Bea', 'Go', '09280010026', 'bea.go@example.com'),
('Martin', 'Zabala', '09350010027', 'martin.zabala@example.com'),
('Hannah', 'Ferrer', '09450010028', 'hannah.ferrer@example.com'),
('Ronald', 'Silva', '09170010029', 'ronald.silva@example.com'),
('Louise', 'Cabrera', '09280010030', 'louise.cabrera@example.com'),
('Vince', 'Reyes', '09350010031', 'vince.reyes@example.com'),
('Andrea', 'Solis', '09450010032', 'andrea.solis@example.com'),
('Brandon', 'Santiago', '09170010033', 'brandon.santiago@example.com'),
('Elaine', 'Ramos', '09280010034', 'elaine.ramos@example.com'),
('Harold', 'Miranda', '09350010035', 'harold.miranda@example.com'),
('Kyla', 'Rivera', '09450010036', 'kyla.rivera@example.com'),
('Ricky', 'Ocampo', '09170010037', 'ricky.ocampo@example.com'),
('Patricia', 'Chua', '09280010038', 'patricia.chua@example.com'),
('Joel', 'Pineda', '09350010039', 'joel.pineda@example.com'),
('Melanie', 'Gonzales', '09450010040', 'melanie.gonzales@example.com'),
('Ivan', 'Aguila', '09170010041', 'ivan.aguila@example.com'),
('Layla', 'Bartolome', '09280010042', 'layla.bartolome@example.com'),
('Cyrus', 'Montenegro', '09350010043', 'cyrus.montenegro@example.com'),
('Toni', 'Ortega', '09450010044', 'toni.ortega@example.com'),
('Darren', 'Villamor', '09170010045', 'darren.villamor@example.com'),
('Paula', 'Espino', '09280010046', 'paula.espino@example.com'),
('Henry', 'Villena', '09350010047', 'henry.villena@example.com'),
('Ella', 'Pascual', '09450010048', 'ella.pascual@example.com'),
('Marco', 'Lorenzo', '09170010049', 'marco.lorenzo@example.com'),
('Clara', 'Francisco', '09280010050', 'clara.francisco@example.com'),
('Xander', 'Beltran', '09350010051', 'xander.beltran@example.com'),
('Leah', 'De Vera', '09450010052', 'leah.devera@example.com'),
('Owen', 'Yap', '09170010053', 'owen.yap@example.com'),
('Fiona', 'Chan', '09280010054', 'fiona.chan@example.com'),
('Zach', 'Gatdula', '09350010055', 'zach.gatdula@example.com'),
('Trisha', 'Nicolas', '09450010056', 'trisha.nicolas@example.com'),
('Dominic', 'Reyes', '09170010057', 'dominic.reyes@example.com'),
('Sheena', 'Salinas', '09280010058', 'sheena.salinas@example.com'),
('Ernest', 'Palma', '09350010059', 'ernest.palma@example.com'),
('Mae', 'Jacinto', '09450010060', 'mae.jacinto@example.com'),
('Kyle', 'Lagman', '09170010061', 'kyle.lagman@example.com'),
('Joanne', 'Licup', '09280010062', 'joanne.licup@example.com'),
('Harvey', 'Basa', '09350010063', 'harvey.basa@example.com'),
('Kristel', 'Benitez', '09450010064', 'kristel.benitez@example.com'),
('Wilson', 'Catapang', '09170010065', 'wilson.catapang@example.com'),
('Alyssa', 'Del Mundo', '09280010066', 'alyssa.delmundo@example.com'),
('Ralph', 'Escobar', '09350010067', 'ralph.escobar@example.com'),
('Camille', 'Fabella', '09450010068', 'camille.fabella@example.com'),
('Edgar', 'Francisco', '09170010069', 'edgar.francisco@example.com'),
('Mara', 'Gatchalian', '09280010070', 'mara.gatchalian@example.com'),
('Jerome', 'Hernandez', '09350010071', 'jerome.hernandez@example.com'),
('Rose', 'Ignacio', '09450010072', 'rose.ignacio@example.com'),
('Paul', 'Javier', '09170010073', 'paul.javier@example.com'),
('Gwen', 'Kayanan', '09280010074', 'gwen.kayanan@example.com'),
('Cedric', 'Laxamana', '09350010075', 'cedric.laxamana@example.com'),
('Aira', 'Macapagal', '09450010076', 'aira.macapagal@example.com'),
('Noel', 'Nery', '09170010077', 'noel.nery@example.com'),
('Pearl', 'Ong', '09280010078', 'pearl.ong@example.com'),
('Francis', 'Ponce', '09350010079', 'francis.ponce@example.com'),
('Janelle', 'Quezada', '09450010080', 'janelle.quezada@example.com'),
('Alvin', 'Rosales', '09170010081', 'alvin.rosales@example.com'),
('Cheska', 'San Juan', '09280010082', 'cheska.sanjuan@example.com'),
('Dylan', 'Tiongson', '09350010083', 'dylan.tiongson@example.com'),
('Rochelle', 'Ubaldo', '09450010084', 'rochelle.ubaldo@example.com'),
('Jeff', 'Velasco', '09170010085', 'jeff.velasco@example.com'),
('Kirsten', 'Wenceslao', '09280010086', 'kirsten.wenceslao@example.com'),
('Lawrence', 'Yumul', '09350010087', 'lawrence.yumul@example.com'),
('Nina', 'Zarate', '09450010088', 'nina.zarate@example.com'),
('Gio', 'Alcantara', '09170010089', 'gio.alcantara@example.com'),
('Sofia', 'Balagtas', '09280010090', 'sofia.balagtas@example.com'),
('Trevor', 'Callanta', '09350010091', 'trevor.callanta@example.com'),
('Denisse', 'De Chavez', '09450010092', 'denisse.dechavez@example.com'),
('Allan', 'Enriquez', '09170010093', 'allan.enriquez@example.com'),
('Lara', 'Flores', '09280010094', 'lara.flores@example.com'),
('Jude', 'Guerrero', '09350010095', 'jude.guerrero@example.com'),
('Megan', 'Hizon', '09450010096', 'megan.hizon@example.com'),
('Rey', 'Illustre', '09170010097', 'rey.illustre@example.com'),
('Phoebe', 'Joaquin', '09280010098', 'phoebe.joaquin@example.com'),
('Chris', 'Katigbak', '09350010099', 'chris.katigbak@example.com'),
('Aileen', 'Legaspi', '09450010100', 'aileen.legaspi@example.com');


-- Room Types
INSERT INTO RoomType (room_type_id, type_name, rate_per_type, capacity) VALUES
(1, 'Single Room', 1500.00, 1),
(2, 'Double Room', 2500.00, 2),
(3, 'Deluxe Room', 3500.00, 3),
(4, 'Suite', 5000.00, 4);

-- Rooms
INSERT INTO room (room_id, room_type_id, availability_status) VALUES
(501, 1, 'Vacant'),
(502, 2, 'Vacant'),
(503, 3, 'Vacant'),
(504, 4, 'Vacant'),
(505, 1, 'Vacant'),
(506, 2, 'Vacant'),
(507, 3, 'Vacant'),
(508, 4, 'Vacant'),
(509, 1, 'Vacant'),
(510, 2, 'Vacant'),
(511, 3, 'Vacant'),
(512, 4, 'Vacant'),
(513, 1, 'Vacant'),
(514, 2, 'Vacant'),
(515, 3, 'Vacant'),
(516, 4, 'Vacant'),
(517, 1, 'Vacant'),
(518, 2, 'Vacant'),
(519, 3, 'Vacant'),
(520, 4, 'Vacant'),
(601, 1, 'Vacant'),
(602, 2, 'Vacant'),
(603, 3, 'Vacant'),
(604, 4, 'Vacant'),
(605, 1, 'Vacant'),
(606, 2, 'Vacant'),
(607, 3, 'Vacant'),
(608, 4, 'Vacant'),
(609, 1, 'Vacant'),
(610, 2, 'Vacant'),
(611, 3, 'Vacant'),
(612, 4, 'Vacant'),
(613, 1, 'Vacant'),
(614, 2, 'Vacant'),
(615, 3, 'Vacant'),
(616, 4, 'Vacant'),
(617, 1, 'Vacant'),
(618, 2, 'Vacant'),
(619, 3, 'Vacant'),
(620, 4, 'Vacant'),
(701, 1, 'Vacant'),
(702, 2, 'Vacant'),
(703, 3, 'Vacant'),
(704, 4, 'Vacant'),
(705, 1, 'Vacant'),
(706, 2, 'Vacant'),
(707, 3, 'Vacant'),
(708, 4, 'Vacant'),
(709, 1, 'Vacant'),
(710, 2, 'Vacant'),
(711, 3, 'Vacant'),
(712, 4, 'Vacant'),
(713, 1, 'Vacant'),
(714, 2, 'Vacant'),
(715, 3, 'Vacant'),
(716, 4, 'Vacant'),
(717, 1, 'Vacant'),
(718, 2, 'Vacant'),
(719, 3, 'Vacant'),
(720, 4, 'Vacant'),
(801, 1, 'Vacant'),
(802, 2, 'Vacant'),
(803, 3, 'Vacant'),
(804, 4, 'Vacant'),
(805, 1, 'Vacant'),
(806, 2, 'Vacant'),
(807, 3, 'Vacant'),
(808, 4, 'Vacant'),
(809, 1, 'Vacant'),
(810, 2, 'Vacant'),
(811, 3, 'Vacant'),
(812, 4, 'Vacant'),
(813, 1, 'Vacant'),
(814, 2, 'Vacant'),
(815, 3, 'Vacant'),
(816, 4, 'Vacant'),
(817, 1, 'Vacant'),
(818, 2, 'Vacant'),
(819, 3, 'Vacant'),
(820, 4, 'Vacant'),
(901, 1, 'Vacant'),
(902, 2, 'Vacant'),
(903, 3, 'Vacant'),
(904, 4, 'Vacant'),
(905, 1, 'Vacant'),
(906, 2, 'Vacant'),
(907, 3, 'Vacant'),
(908, 4, 'Vacant'),
(909, 1, 'Vacant'),
(910, 2, 'Vacant'),
(911, 3, 'Vacant'),
(912, 4, 'Vacant'),
(913, 1, 'Vacant'),
(914, 2, 'Vacant'),
(915, 3, 'Vacant'),
(916, 4, 'Vacant'),
(917, 1, 'Vacant'),
(918, 2, 'Vacant'),
(919, 3, 'Vacant'),
(920, 4, 'Vacant'),
(1001, 1, 'Vacant'),
(1002, 2, 'Vacant'),
(1003, 3, 'Vacant'),
(1004, 4, 'Vacant'),
(1005, 1, 'Vacant'),
(1006, 2, 'Vacant'),
(1007, 3, 'Vacant'),
(1008, 4, 'Vacant'),
(1009, 1, 'Vacant'),
(1010, 2, 'Vacant'),
(1011, 3, 'Vacant'),
(1012, 4, 'Vacant'),
(1013, 1, 'Vacant'),
(1014, 2, 'Vacant'),
(1015, 3, 'Vacant'),
(1016, 4, 'Vacant'),
(1017, 1, 'Vacant'),
(1018, 2, 'Vacant'),
(1019, 3, 'Vacant'),
(1020, 4, 'Vacant'),
(1101, 1, 'Vacant'),
(1102, 2, 'Vacant'),
(1103, 3, 'Vacant'),
(1104, 4, 'Vacant'),
(1105, 1, 'Vacant'),
(1106, 2, 'Vacant'),
(1107, 3, 'Vacant'),
(1108, 4, 'Vacant'),
(1109, 1, 'Vacant'),
(1110, 2, 'Vacant'),
(1111, 3, 'Vacant'),
(1112, 4, 'Vacant'),
(1113, 1, 'Vacant'),
(1114, 2, 'Vacant'),
(1115, 3, 'Vacant'),
(1116, 4, 'Vacant'),
(1117, 1, 'Vacant'),
(1118, 2, 'Vacant'),
(1119, 3, 'Vacant'),
(1120, 4, 'Vacant'),
(1201, 1, 'Vacant'),
(1202, 2, 'Vacant'),
(1203, 3, 'Vacant'),
(1204, 4, 'Vacant'),
(1205, 1, 'Vacant'),
(1206, 2, 'Vacant'),
(1207, 3, 'Vacant'),
(1208, 4, 'Vacant'),
(1209, 1, 'Vacant'),
(1210, 2, 'Vacant'),
(1211, 3, 'Vacant'),
(1212, 4, 'Vacant'),
(1213, 1, 'Vacant'),
(1214, 2, 'Vacant'),
(1215, 3, 'Vacant'),
(1216, 4, 'Vacant'),
(1217, 1, 'Vacant'),
(1218, 2, 'Vacant'),
(1219, 3, 'Vacant'),
(1220, 4, 'Vacant'),
(1301, 1, 'Vacant'),
(1302, 2, 'Vacant'),
(1303, 3, 'Vacant'),
(1304, 4, 'Vacant'),
(1305, 1, 'Vacant'),
(1306, 2, 'Vacant'),
(1307, 3, 'Vacant'),
(1308, 4, 'Vacant'),
(1309, 1, 'Vacant'),
(1310, 2, 'Vacant'),
(1311, 3, 'Vacant'),
(1312, 4, 'Vacant'),
(1313, 1, 'Vacant'),
(1314, 2, 'Vacant'),
(1315, 3, 'Vacant'),
(1316, 4, 'Vacant'),
(1317, 1, 'Vacant'),
(1318, 2, 'Vacant'),
(1319, 3, 'Vacant'),
(1320, 4, 'Vacant'),
(1401, 1, 'Vacant'),
(1402, 2, 'Vacant'),
(1403, 3, 'Vacant'),
(1404, 4, 'Vacant'),
(1405, 1, 'Vacant'),
(1406, 2, 'Vacant'),
(1407, 3, 'Vacant'),
(1408, 4, 'Vacant'),
(1409, 1, 'Vacant'),
(1410, 2, 'Vacant'),
(1411, 3, 'Vacant'),
(1412, 4, 'Vacant'),
(1413, 1, 'Vacant'),
(1414, 2, 'Vacant'),
(1415, 3, 'Vacant'),
(1416, 4, 'Vacant'),
(1417, 1, 'Vacant'),
(1418, 2, 'Vacant'),
(1419, 3, 'Vacant'),
(1420, 4, 'Vacant'),
(1501, 1, 'Vacant'),
(1502, 2, 'Vacant'),
(1503, 3, 'Vacant'),
(1504, 4, 'Vacant'),
(1505, 1, 'Vacant'),
(1506, 2, 'Vacant'),
(1507, 3, 'Vacant'),
(1508, 4, 'Vacant'),
(1509, 1, 'Vacant'),
(1510, 2, 'Vacant'),
(1511, 3, 'Vacant'),
(1512, 4, 'Vacant'),
(1513, 1, 'Vacant'),
(1514, 2, 'Vacant'),
(1515, 3, 'Vacant'),
(1516, 4, 'Vacant'),
(1517, 1, 'Vacant'),
(1518, 2, 'Vacant'),
(1519, 3, 'Vacant'),
(1520, 4, 'Vacant'),
(1601, 1, 'Vacant'),
(1602, 2, 'Vacant'),
(1603, 3, 'Vacant'),
(1604, 4, 'Vacant'),
(1605, 1, 'Vacant'),
(1606, 2, 'Vacant'),
(1607, 3, 'Vacant'),
(1608, 4, 'Vacant'),
(1609, 1, 'Vacant'),
(1610, 2, 'Vacant'),
(1611, 3, 'Vacant'),
(1612, 4, 'Vacant'),
(1613, 1, 'Vacant'),
(1614, 2, 'Vacant'),
(1615, 3, 'Vacant'),
(1616, 4, 'Vacant'),
(1617, 1, 'Vacant'),
(1618, 2, 'Vacant'),
(1619, 3, 'Vacant'),
(1620, 4, 'Vacant'),
(1701, 1, 'Vacant'),
(1702, 2, 'Vacant'),
(1703, 3, 'Vacant'),
(1704, 4, 'Vacant'),
(1705, 1, 'Vacant'),
(1706, 2, 'Vacant'),
(1707, 3, 'Vacant'),
(1708, 4, 'Vacant'),
(1709, 1, 'Vacant'),
(1710, 2, 'Vacant'),
(1711, 3, 'Vacant'),
(1712, 4, 'Vacant'),
(1713, 1, 'Vacant'),
(1714, 2, 'Vacant'),
(1715, 3, 'Vacant'),
(1716, 4, 'Vacant'),
(1717, 1, 'Vacant'),
(1718, 2, 'Vacant'),
(1719, 3, 'Vacant'),
(1720, 4, 'Vacant'),
(1801, 1, 'Vacant'),
(1802, 2, 'Vacant'),
(1803, 3, 'Vacant'),
(1804, 4, 'Vacant'),
(1805, 1, 'Vacant'),
(1806, 2, 'Vacant'),
(1807, 3, 'Vacant'),
(1808, 4, 'Vacant'),
(1809, 1, 'Vacant'),
(1810, 2, 'Vacant'),
(1811, 3, 'Vacant'),
(1812, 4, 'Vacant'),
(1813, 1, 'Vacant'),
(1814, 2, 'Vacant'),
(1815, 3, 'Vacant'),
(1816, 4, 'Vacant'),
(1817, 1, 'Vacant'),
(1818, 2, 'Vacant'),
(1819, 3, 'Vacant'),
(1820, 4, 'Vacant'),
(1901, 1, 'Vacant'),
(1902, 2, 'Vacant'),
(1903, 3, 'Vacant'),
(1904, 4, 'Vacant'),
(1905, 1, 'Vacant'),
(1906, 2, 'Vacant'),
(1907, 3, 'Vacant'),
(1908, 4, 'Vacant'),
(1909, 1, 'Vacant'),
(1910, 2, 'Vacant'),
(1911, 3, 'Vacant'),
(1912, 4, 'Vacant'),
(1913, 1, 'Vacant'),
(1914, 2, 'Vacant'),
(1915, 3, 'Vacant'),
(1916, 4, 'Vacant'),
(1917, 1, 'Vacant'),
(1918, 2, 'Vacant'),
(1919, 3, 'Vacant'),
(1920, 4, 'Vacant'),
(2001, 1, 'Vacant'),
(2002, 2, 'Vacant'),
(2003, 3, 'Vacant'),
(2004, 4, 'Vacant'),
(2005, 1, 'Vacant'),
(2006, 2, 'Vacant'),
(2007, 3, 'Vacant'),
(2008, 4, 'Vacant'),
(2009, 1, 'Vacant'),
(2010, 2, 'Vacant'),
(2011, 3, 'Vacant'),
(2012, 4, 'Vacant'),
(2013, 1, 'Vacant'),
(2014, 2, 'Vacant'),
(2015, 3, 'Vacant'),
(2016, 4, 'Vacant'),
(2017, 1, 'Vacant'),
(2018, 2, 'Vacant'),
(2019, 3, 'Vacant'),
(2020, 4, 'Vacant');


-- Employees
INSERT INTO employee (first_name, last_name, emp_position, emp_status) VALUES
('Carla', 'Reyes', 'Front Desk', 'Active'),
('Mark', 'Villanueva', 'Housekeeping', 'Active'),
('Susan', 'Lim', 'Admin', 'Active'),
('Rico', 'Lopez', 'Housekeeping', 'Leave-sick'),
('Anna', 'Torres', 'Front Desk', 'Active'),
('James', 'Gomez', 'Housekeeping', 'Leave-vacation'),
('Liza', 'Santos', 'Admin', 'Leave-sick'),
('Marie', 'Diaz', 'Front Desk', 'Leave-maternity'),
('Maria', 'Cruz', 'Housekeeping', 'Active'),
('John', 'Reyes', 'Admin', 'Leave-vacation'),
('Nina', 'Valdez', 'Front Desk', 'Leave-sick'),
('Carla', 'Fernandez', 'Housekeeping', 'Leave-maternity'),
('Elaine', 'Morales', 'Admin', 'Active'),
('Victor', 'Alcantara', 'Front Desk', 'Leave-vacation');

-- Housekeeping Items
INSERT INTO housekeeping_item (item_name, cost_per_unit, current_stock, minimum_stock, max_stock_storage) VALUES
('Toilet Paper', 25.50, 100, 20, 200),
('Soap', 15.75, 150, 30, 300),
('Shampoo', 35.25, 80, 15, 180),
('Towel', 120.00, 50, 10, 100),
('Bedsheet', 280.50, 40, 8, 80),
('Pillow Case', 85.00, 60, 12, 120);

-- Bookings
INSERT INTO booking (booking_id, guest_id, room_id, booking_date, start_date, end_date) VALUES
(1001, 1001, 501, '2025-11-01', '2025-11-01', '2025-11-03'), -- Single Room 2 nights
(1002, 1002, 502, '2025-11-02', '2025-11-05', '2025-11-08'), -- Double Room 3 nights
(1003, 1003, 503, '2025-11-03', '2025-11-08', '2025-11-12'), -- Deluxe Room 4 nights
(1004, 1004, 504, '2025-11-04', '2025-11-10', '2025-11-14'), -- Suite 4 nights
(1005, 1005, 505, '2025-11-05', '2025-11-12', '2025-11-14'), -- Single Room 2 nights
(1006, 1006, 506, '2025-11-06', '2025-11-15', '2025-11-18'), -- Double Room 3 nights
(1007, 1007, 507, '2025-11-07', '2025-11-20', '2025-11-23'), -- Deluxe Room 3 nights
(1008, 1008, 508, '2025-11-08', '2025-11-25', '2025-11-30'), -- Suite 5 nights
(1009, 1009, 509, '2025-11-09', '2025-12-01', '2025-12-03'), -- Single Room 2 nights
(1010, 1010, 510, '2025-11-10', '2025-12-05', '2025-12-08'); -- Double Room 3 nights

-- Payments (amount = room rate * nights)
INSERT INTO payment (booking_id, amount_paid, payment_method, payment_datetime) VALUES
(1001, 3000.00, 'Cash', '2025-11-01 10:00:00'),
(1002, 7500.00, 'Credit Card', '2025-11-02 11:30:00'),
(1003, 14000.00, 'Debit Card', '2025-11-03 12:00:00'),
(1004, 20000.00, 'Cash', '2025-11-04 14:00:00'),
(1005, 3000.00, 'Credit Card', '2025-11-05 09:00:00'),
(1006, 7500.00, 'Debit Card', '2025-11-06 10:30:00'),
(1007, 10500.00, 'Cash', '2025-11-07 13:00:00'),
(1008, 25000.00, 'Credit Card', '2025-11-08 15:00:00'),
(1009, 3000.00, 'Debit Card', '2025-11-09 16:00:00'),
(1010, 7500.00, 'Cash', '2025-11-10 11:00:00');

-- Guest Stay
INSERT INTO GuestStay (booking_id, employee_id, check_in_time_date, expected_check_out_time_date, actual_check_out_time_date, remarks) VALUES
(1001, 1, '2025-11-01 14:00:00', '2025-11-03 12:00:00', '2025-11-03 11:30:00', 'Smooth check-out'),
(1002, 1, '2025-11-05 15:30:00', '2025-11-08 12:00:00', '2025-11-08 11:45:00', 'Early check-out requested'),
(1003, 5, '2025-11-08 13:15:00', '2025-11-12 12:00:00', '2025-11-12 12:10:00', 'On-time check-out'),
(1004, 1, '2025-11-10 16:00:00', '2025-11-14 12:00:00', '2025-11-14 11:20:00', 'Express check-out'),
(1005, 5, '2025-11-12 14:45:00', '2025-11-14 12:00:00', '2025-11-14 12:05:00', 'Late check-out approved'),
(1006, 1, '2025-11-15 15:30:00', '2025-11-18 12:00:00', NULL, 'Guest still checked in'),
(1007, 5, '2025-11-20 13:00:00', '2025-11-23 12:00:00', NULL, 'Guest extended stay'),
(1008, 1, '2025-11-25 17:15:00', '2025-11-30 12:00:00', NULL, 'VIP guest - special handling'),
(1009, 5, '2025-12-01 14:30:00', '2025-12-03 12:00:00', NULL, 'Early check-in requested'),
(1010, 1, '2025-12-05 16:45:00', '2025-12-08 12:00:00', NULL, 'Family with children');

-- Housekeeping Item Issuance
INSERT INTO housekeeping_item_issuance (housekeeping_item_id, employee_id, issuer_id, quantity_issued, date_issued, remarks) VALUES
(1, 2, 3, 8, '2025-01-15 09:00:00', 'Issued for floor 5-6 room cleaning'),
(1, 4, 3, 12, '2025-01-20 10:30:00', 'Restock for VIP suite preparation'),
(1, 2, 13, 6, '2025-02-05 14:15:00', 'Regular monthly restocking'),
(1, 9, 3, 10, '2025-02-18 11:00:00', 'Emergency supply for conference rooms'),
(2, 2, 13, 15, '2025-01-10 08:45:00', 'Standard monthly soap distribution'),
(2, 4, 3, 20, '2025-01-25 13:20:00', 'Extra supply for high-occupancy weekend'),
(2, 9, 13, 12, '2025-02-12 10:00:00', 'Replacement for expired stock'),
(2, 2, 3, 18, '2025-02-28 15:30:00', 'End of month bulk issuance'),
(3, 4, 13, 5, '2025-01-08 11:10:00', 'For deluxe rooms only'),
(3, 2, 3, 7, '2025-01-22 09:45:00', 'New herbal shampoo trial'),
(3, 9, 13, 6, '2025-02-14 16:20:00', 'Valentine special package'),
(4, 2, 3, 3, '2025-01-12 14:00:00', 'Pool towel replacement'),
(4, 4, 13, 4, '2025-01-30 10:15:00', 'Spa and wellness center'),
(4, 9, 3, 2, '2025-02-22 13:45:00', 'Executive suite towels'),
(5, 2, 13, 1, '2025-01-18 15:00:00', 'Replacement for damaged bedsheet'),
(5, 4, 3, 2, '2025-02-08 11:30:00', 'Suite room upgrade'),
(5, 9, 13, 1, '2025-02-25 09:15:00', 'Emergency replacement'),
(6, 2, 3, 4, '2025-01-14 12:30:00', 'Standard pillow case rotation'),
(6, 4, 13, 3, '2025-02-16 14:45:00', 'Memory foam pillow cases'),
(6, 9, 3, 5, '2025-02-27 16:00:00', 'End of quarter replacement');