CREATE DATABASE Hotel_Management;
USE Hotel_Management;


CREATE TABLE guest(
    guest_id INT NOT NULL AUTO_INCREMENT,
    first_name VARCHAR(20) NOT NULL,
    last_name VARCHAR(20) NOT NULL,
    contact_number VARCHAR(15) NOT NULL,
    email_address VARCHAR(35) NOT NULL,
    nationality VARCHAR(20) DEFAULT 'Filipino',
    PRIMARY KEY (guest_id)
) AUTO_INCREMENT = 1001;

CREATE TABLE RoomType (
    room_type_id INT PRIMARY KEY,
    type_name VARCHAR(50) NOT NULL,
    rate_per_type DECIMAL(10,2) NOT NULL,
    capacity INT NOT NULL
);
 
CREATE TABLE room(
    room_id INT PRIMARY KEY,
    room_type_id INT NOT NULL,
    availability_status ENUM('Occupied', 'Reserved', 'Vacant') DEFAULT 'Vacant' NOT NULL,
   
   -- Foreign Key
    FOREIGN KEY (room_type_id) REFERENCES roomtype(room_type_id)
);

CREATE TABLE employee(
    employee_id INT NOT NULL AUTO_INCREMENT ,
	first_name VARCHAR(20) NOT NULL,
    last_name VARCHAR(20) NOT NULL,
    emp_position ENUM ('Front Desk','Housekeeping','Admin') NOT NULL,
    emp_status ENUM('Active', 'Leave-vacation', 'Leave-sick', 'Leave-maternity') DEFAULT 'Active' NOT NULL,
    PRIMARY KEY (employee_id)
);

CREATE TABLE housekeeping_item(
    housekeeping_item_id INT NOT NULL AUTO_INCREMENT,
	item_name VARCHAR(20) NOT NULL UNIQUE,
    cost_per_unit DECIMAL(10,2) NOT NULL,
    current_stock INT NOT NULL,
    minimum_stock INT NOT NULL,
	max_stock_storage INT NOT NULL,
    PRIMARY KEY (housekeeping_item_id)
);

CREATE TABLE booking (
    booking_id INT NOT NULL AUTO_INCREMENT,
    guest_id INT NOT NULL,
    room_id INT NOT NULL,
    booking_date DATE NOT NULL,
    start_date DATE NOT NULL,
    end_date DATE NOT NULL,
    
    PRIMARY KEY (booking_id),
    
    -- Foreign Keys
    FOREIGN KEY (guest_id) REFERENCES guest(guest_id),
    FOREIGN KEY (room_id) REFERENCES room(room_id)
);

CREATE TABLE payment (
    payment_id INT NOT NULL AUTO_INCREMENT,
    booking_id INT NOT NULL UNIQUE,
    amount_paid DECIMAL(10,2) NOT NULL,
    payment_method ENUM('Cash','Credit Card','Debit Card') NOT NULL,
    payment_datetime DATETIME NOT NULL,
    
    PRIMARY KEY (payment_id),
    
    -- Foreign Keys
    FOREIGN KEY (booking_id) REFERENCES booking(booking_id)
);

CREATE TABLE GuestStay(
    transaction_id INT NOT NULL AUTO_INCREMENT,
    booking_id INT NOT NULL UNIQUE,
    employee_id INT NOT NULL,
    check_in_time_date DATETIME,
    expected_check_out_time_date DATETIME,
    actual_check_out_time_date DATETIME,
    remarks VARCHAR(100),

    PRIMARY KEY (transaction_id),
    
    -- Foreign Keys
    FOREIGN KEY (booking_id) REFERENCES booking(booking_id),
    FOREIGN KEY (employee_id) REFERENCES employee(employee_id)
);

CREATE TABLE housekeeping_item_issuance (
    issuance_id INT NOT NULL AUTO_INCREMENT,
    housekeeping_item_id INT NOT NULL,
    employee_id INT NOT NULL,
    issuer_id INT NOT NULL,
    quantity_issued INT NOT NULL,
    date_issued DATETIME DEFAULT CURRENT_TIMESTAMP,
    remarks TEXT NULL,

    PRIMARY KEY (issuance_id),

    -- Foreign Keys
    FOREIGN KEY (housekeeping_item_id) REFERENCES housekeeping_item(housekeeping_item_id),
    FOREIGN KEY (employee_id) REFERENCES employee(employee_id),
    FOREIGN KEY (issuer_id) REFERENCES employee(employee_id)
);

-- Guests
INSERT INTO guest (first_name, last_name, contact_number, email_address) VALUES
('Juan', 'Dela Cruz', '09171234567', 'juan.delacruz@example.com'),
('Maria', 'Santos', '09281234568', 'maria.santos@example.com'),
('Jose', 'Reyes', '09091234569', 'jose.reyes@example.com'),
('Ana', 'Lopez', '09351234570', 'ana.lopez@example.com'),
('Pedro', 'Garcia', '09181234571', 'pedro.garcia@example.com'),
('Carmen', 'Mendoza', '09291234572', 'carmen.mendoza@example.com'),
('Ramon', 'Castro', '09451234573', 'ramon.castro@example.com'),
('Lucia', 'Torres', '09191234574', 'lucia.torres@example.com'),
('Diego', 'Bautista', '09301234575', 'diego.bautista@example.com'),
('Elena', 'Cruz', '09221234576', 'elena.cruz@example.com'),
('Mark', 'Villanueva', '09170010001', 'mark.villanueva@example.com'),
('Jenny', 'Ramirez', '09280010002', 'jenny.ramirez@example.com'),
('Leo', 'Domingo', '09350010003', 'leo.domingo@example.com'),
('Faith', 'Soriano', '09450010004', 'faith.soriano@example.com'),
('John', 'Aquino', '09170010005', 'john.aquino@example.com'),
('Bianca', 'Panganiban', '09280010006', 'bianca.panganiban@example.com'),
('Arthur', 'Manalo', '09350010007', 'arthur.manalo@example.com'),
('Shiela', 'Vergara', '09450010008', 'shiela.vergara@example.com'),
('Adrian', 'Salazar', '09170010009', 'adrian.salazar@example.com'),
('Jasmine', 'Valdez', '09280010010', 'jasmine.valdez@example.com'),
('Calvin', 'Navarro', '09350010011', 'calvin.navarro@example.com'),
('Denise', 'Mercado', '09450010012', 'denise.mercado@example.com'),
('Kevin', 'Fuentes', '09170010013', 'kevin.fuentes@example.com'),
('Mika', 'Roxas', '09280010014', 'mika.roxas@example.com'),
('Nathan', 'Padilla', '09350010015', 'nathan.padilla@example.com'),
('Rhea', 'Sarmiento', '09450010016', 'rhea.sarmiento@example.com'),
('Felix', 'Rubio', '09170010017', 'felix.rubio@example.com'),
('Irish', 'Villar', '09280010018', 'irish.villar@example.com'),
('Gabriel', 'Lim', '09350010019', 'gabriel.lim@example.com'),
('Nicole', 'Uy', '09450010020', 'nicole.uy@example.com'),
('Victor', 'Chavez', '09170010021', 'victor.chavez@example.com'),
('Angela', 'Fabian', '09280010022', 'angela.fabian@example.com'),
('Marc', 'Santos', '09350010023', 'marc.santos2@example.com'),
('Kate', 'Jimenez', '09450010024', 'kate.jimenez@example.com'),
('Joshua', 'Tan', '09170010025', 'joshua.tan@example.com'),
('Bea', 'Go', '09280010026', 'bea.go@example.com'),
('Martin', 'Zabala', '09350010027', 'martin.zabala@example.com'),
('Hannah', 'Ferrer', '09450010028', 'hannah.ferrer@example.com'),
('Ronald', 'Silva', '09170010029', 'ronald.silva@example.com'),
('Louise', 'Cabrera', '09280010030', 'louise.cabrera@example.com'),
('Vince', 'Reyes', '09350010031', 'vince.reyes@example.com'),
('Andrea', 'Solis', '09450010032', 'andrea.solis@example.com'),
('Brandon', 'Santiago', '09170010033', 'brandon.santiago@example.com'),
('Elaine', 'Ramos', '09280010034', 'elaine.ramos@example.com'),
('Harold', 'Miranda', '09350010035', 'harold.miranda@example.com'),
('Kyla', 'Rivera', '09450010036', 'kyla.rivera@example.com'),
('Ricky', 'Ocampo', '09170010037', 'ricky.ocampo@example.com'),
('Patricia', 'Chua', '09280010038', 'patricia.chua@example.com'),
('Joel', 'Pineda', '09350010039', 'joel.pineda@example.com'),
('Melanie', 'Gonzales', '09450010040', 'melanie.gonzales@example.com'),
('Ivan', 'Aguila', '09170010041', 'ivan.aguila@example.com'),
('Layla', 'Bartolome', '09280010042', 'layla.bartolome@example.com'),
('Cyrus', 'Montenegro', '09350010043', 'cyrus.montenegro@example.com'),
('Toni', 'Ortega', '09450010044', 'toni.ortega@example.com'),
('Darren', 'Villamor', '09170010045', 'darren.villamor@example.com'),
('Paula', 'Espino', '09280010046', 'paula.espino@example.com'),
('Henry', 'Villena', '09350010047', 'henry.villena@example.com'),
('Ella', 'Pascual', '09450010048', 'ella.pascual@example.com'),
('Marco', 'Lorenzo', '09170010049', 'marco.lorenzo@example.com'),
('Clara', 'Francisco', '09280010050', 'clara.francisco@example.com')
('Xander', 'Beltran', '09350010051', 'xander.beltran@example.com'),
('Leah', 'De Vera', '09450010052', 'leah.devera@example.com'),
('Owen', 'Yap', '09170010053', 'owen.yap@example.com'),
('Fiona', 'Chan', '09280010054', 'fiona.chan@example.com'),
('Zach', 'Gatdula', '09350010055', 'zach.gatdula@example.com'),
('Trisha', 'Nicolas', '09450010056', 'trisha.nicolas@example.com'),
('Dominic', 'Reyes', '09170010057', 'dominic.reyes@example.com'),
('Sheena', 'Salinas', '09280010058', 'sheena.salinas@example.com'),
('Ernest', 'Palma', '09350010059', 'ernest.palma@example.com'),
('Mae', 'Jacinto', '09450010060', 'mae.jacinto@example.com'),
('Kyle', 'Lagman', '09170010061', 'kyle.lagman@example.com'),
('Joanne', 'Licup', '09280010062', 'joanne.licup@example.com'),
('Harvey', 'Basa', '09350010063', 'harvey.basa@example.com'),
('Kristel', 'Benitez', '09450010064', 'kristel.benitez@example.com'),
('Wilson', 'Catapang', '09170010065', 'wilson.catapang@example.com'),
('Alyssa', 'Del Mundo', '09280010066', 'alyssa.delmundo@example.com'),
('Ralph', 'Escobar', '09350010067', 'ralph.escobar@example.com'),
('Camille', 'Fabella', '09450010068', 'camille.fabella@example.com'),
('Edgar', 'Francisco', '09170010069', 'edgar.francisco@example.com'),
('Mara', 'Gatchalian', '09280010070', 'mara.gatchalian@example.com'),
('Jerome', 'Hernandez', '09350010071', 'jerome.hernandez@example.com'),
('Rose', 'Ignacio', '09450010072', 'rose.ignacio@example.com'),
('Paul', 'Javier', '09170010073', 'paul.javier@example.com'),
('Gwen', 'Kayanan', '09280010074', 'gwen.kayanan@example.com'),
('Cedric', 'Laxamana', '09350010075', 'cedric.laxamana@example.com'),
('Aira', 'Macapagal', '09450010076', 'aira.macapagal@example.com'),
('Noel', 'Nery', '09170010077', 'noel.nery@example.com'),
('Pearl', 'Ong', '09280010078', 'pearl.ong@example.com'),
('Francis', 'Ponce', '09350010079', 'francis.ponce@example.com'),
('Janelle', 'Quezada', '09450010080', 'janelle.quezada@example.com'),
('Alvin', 'Rosales', '09170010081', 'alvin.rosales@example.com'),
('Cheska', 'San Juan', '09280010082', 'cheska.sanjuan@example.com'),
('Dylan', 'Tiongson', '09350010083', 'dylan.tiongson@example.com'),
('Rochelle', 'Ubaldo', '09450010084', 'rochelle.ubaldo@example.com'),
('Jeff', 'Velasco', '09170010085', 'jeff.velasco@example.com'),
('Kirsten', 'Wenceslao', '09280010086', 'kirsten.wenceslao@example.com'),
('Lawrence', 'Yumul', '09350010087', 'lawrence.yumul@example.com'),
('Nina', 'Zarate', '09450010088', 'nina.zarate@example.com'),
('Gio', 'Alcantara', '09170010089', 'gio.alcantara@example.com'),
('Sofia', 'Balagtas', '09280010090', 'sofia.balagtas@example.com'),
('Trevor', 'Callanta', '09350010091', 'trevor.callanta@example.com'),
('Denisse', 'De Chavez', '09450010092', 'denisse.dechavez@example.com'),
('Allan', 'Enriquez', '09170010093', 'allan.enriquez@example.com'),
('Lara', 'Flores', '09280010094', 'lara.flores@example.com'),
('Jude', 'Guerrero', '09350010095', 'jude.guerrero@example.com'),
('Megan', 'Hizon', '09450010096', 'megan.hizon@example.com'),
('Rey', 'Illustre', '09170010097', 'rey.illustre@example.com'),
('Phoebe', 'Joaquin', '09280010098', 'phoebe.joaquin@example.com'),
('Chris', 'Katigbak', '09350010099', 'chris.katigbak@example.com'),
('Aileen', 'Legaspi', '09450010100', 'aileen.legaspi@example.com');


-- Room Types
INSERT INTO RoomType (room_type_id, type_name, rate_per_type, capacity) VALUES
(1, 'Single Room', 1500.00, 1),
(2, 'Double Room', 2500.00, 2),
(3, 'Deluxe Room', 3500.00, 3),
(4, 'Suite', 5000.00, 4);

-- Rooms
INSERT INTO room (room_id, room_type_id, availability_status, housekeeping_status) VALUES
(501, 1, 'Vacant', 'For Cleaning'),
(502, 2, 'Vacant', 'Under Maintainance'),
(503, 3, 'Vacant', 'Ready'),
(504, 4, 'Vacant', 'For Cleaning'),
(505, 1, 'Vacant', 'Under Maintainance'),
(506, 2, 'Vacant', 'Ready'),
(507, 3, 'Vacant', 'For Cleaning'),
(508, 4, 'Vacant', 'Under Maintainance'),
(509, 1, 'Vacant', 'Ready'),
(510, 2, 'Vacant', 'For Cleaning'),
(511, 3, 'Vacant', 'Under Maintainance'),
(512, 4, 'Vacant', 'Ready'),
(513, 1, 'Vacant', 'For Cleaning'),
(514, 2, 'Vacant', 'Under Maintainance'),
(515, 3, 'Vacant', 'Ready'),
(516, 4, 'Vacant', 'For Cleaning'),
(517, 1, 'Vacant', 'Under Maintainance'),
(518, 2, 'Vacant', 'Ready'),
(519, 3, 'Vacant', 'For Cleaning'),
(520, 4, 'Vacant', 'Under Maintainance'),
(601, 1, 'Vacant', 'Ready'),
(602, 2, 'Vacant', 'For Cleaning'),
(603, 3, 'Vacant', 'Under Maintainance'),
(604, 4, 'Vacant', 'Ready'),
(605, 1, 'Vacant', 'For Cleaning'),
(606, 2, 'Vacant', 'Under Maintainance'),
(607, 3, 'Vacant', 'Ready'),
(608, 4, 'Vacant', 'For Cleaning'),
(609, 1, 'Vacant', 'Under Maintainance'),
(610, 2, 'Vacant', 'Ready'),
(611, 3, 'Vacant', 'For Cleaning'),
(612, 4, 'Vacant', 'Under Maintainance'),
(613, 1, 'Vacant', 'Ready'),
(614, 2, 'Vacant', 'For Cleaning'),
(615, 3, 'Vacant', 'Under Maintainance'),
(616, 4, 'Vacant', 'Ready'),
(617, 1, 'Vacant', 'For Cleaning'),
(618, 2, 'Vacant', 'Under Maintainance'),
(619, 3, 'Vacant', 'Ready'),
(620, 4, 'Vacant', 'For Cleaning'),
(701, 1, 'Vacant', 'Under Maintainance'),
(702, 2, 'Vacant', 'Ready'),
(703, 3, 'Vacant', 'For Cleaning'),
(704, 4, 'Vacant', 'Under Maintainance'),
(705, 1, 'Vacant', 'Ready'),
(706, 2, 'Vacant', 'For Cleaning'),
(707, 3, 'Vacant', 'Under Maintainance'),
(708, 4, 'Vacant', 'Ready'),
(709, 1, 'Vacant', 'For Cleaning'),
(710, 2, 'Vacant', 'Under Maintainance'),
(711, 3, 'Vacant', 'Ready'),
(712, 4, 'Vacant', 'For Cleaning'),
(713, 1, 'Vacant', 'Under Maintainance'),
(714, 2, 'Vacant', 'Ready'),
(715, 3, 'Vacant', 'For Cleaning'),
(716, 4, 'Vacant', 'Under Maintainance'),
(717, 1, 'Vacant', 'Ready'),
(718, 2, 'Vacant', 'For Cleaning'),
(719, 3, 'Vacant', 'Under Maintainance'),
(720, 4, 'Vacant', 'Ready'),
(801, 1, 'Vacant', 'For Cleaning'),
(802, 2, 'Vacant', 'Under Maintainance'),
(803, 3, 'Vacant', 'Ready'),
(804, 4, 'Vacant', 'For Cleaning'),
(805, 1, 'Vacant', 'Under Maintainance'),
(806, 2, 'Vacant', 'Ready'),
(807, 3, 'Vacant', 'For Cleaning'),
(808, 4, 'Vacant', 'Under Maintainance'),
(809, 1, 'Vacant', 'Ready'),
(810, 2, 'Vacant', 'For Cleaning'),
(811, 3, 'Vacant', 'Under Maintainance'),
(812, 4, 'Vacant', 'Ready'),
(813, 1, 'Vacant', 'For Cleaning'),
(814, 2, 'Vacant', 'Under Maintainance'),
(815, 3, 'Vacant', 'Ready'),
(816, 4, 'Vacant', 'For Cleaning'),
(817, 1, 'Vacant', 'Under Maintainance'),
(818, 2, 'Vacant', 'Ready'),
(819, 3, 'Vacant', 'For Cleaning'),
(820, 4, 'Vacant', 'Under Maintainance'),
(901, 1, 'Vacant', 'Ready'),
(902, 2, 'Vacant', 'For Cleaning'),
(903, 3, 'Vacant', 'Under Maintainance'),
(904, 4, 'Vacant', 'Ready'),
(905, 1, 'Vacant', 'For Cleaning'),
(906, 2, 'Vacant', 'Under Maintainance'),
(907, 3, 'Vacant', 'Ready'),
(908, 4, 'Vacant', 'For Cleaning'),
(909, 1, 'Vacant', 'Under Maintainance'),
(910, 2, 'Vacant', 'Ready'),
(911, 3, 'Vacant', 'For Cleaning'),
(912, 4, 'Vacant', 'Under Maintainance'),
(913, 1, 'Vacant', 'Ready'),
(914, 2, 'Vacant', 'For Cleaning'),
(915, 3, 'Vacant', 'Under Maintainance'),
(916, 4, 'Vacant', 'Ready'),
(917, 1, 'Vacant', 'For Cleaning'),
(918, 2, 'Vacant', 'Under Maintainance'),
(919, 3, 'Vacant', 'Ready'),
(920, 4, 'Vacant', 'For Cleaning'),
(1001, 1, 'Vacant', 'Under Maintainance'),
(1002, 2, 'Vacant', 'Ready'),
(1003, 3, 'Vacant', 'For Cleaning'),
(1004, 4, 'Vacant', 'Under Maintainance'),
(1005, 1, 'Vacant', 'Ready'),
(1006, 2, 'Vacant', 'For Cleaning'),
(1007, 3, 'Vacant', 'Under Maintainance'),
(1008, 4, 'Vacant', 'Ready'),
(1009, 1, 'Vacant', 'For Cleaning'),
(1010, 2, 'Vacant', 'Under Maintainance'),
(1011, 3, 'Vacant', 'Ready'),
(1012, 4, 'Vacant', 'For Cleaning'),
(1013, 1, 'Vacant', 'Under Maintainance'),
(1014, 2, 'Vacant', 'Ready'),
(1015, 3, 'Vacant', 'For Cleaning'),
(1016, 4, 'Vacant', 'Under Maintainance'),
(1017, 1, 'Vacant', 'Ready'),
(1018, 2, 'Vacant', 'For Cleaning'),
(1019, 3, 'Vacant', 'Under Maintainance'),
(1020, 4, 'Vacant', 'Ready'),
(1101, 1, 'Vacant', 'For Cleaning'),
(1102, 2, 'Vacant', 'Under Maintainance'),
(1103, 3, 'Vacant', 'Ready'),
(1104, 4, 'Vacant', 'For Cleaning'),
(1105, 1, 'Vacant', 'Under Maintainance'),
(1106, 2, 'Vacant', 'Ready'),
(1107, 3, 'Vacant', 'For Cleaning'),
(1108, 4, 'Vacant', 'Under Maintainance'),
(1109, 1, 'Vacant', 'Ready'),
(1110, 2, 'Vacant', 'For Cleaning'),
(1111, 3, 'Vacant', 'Under Maintainance'),
(1112, 4, 'Vacant', 'Ready'),
(1113, 1, 'Vacant', 'For Cleaning'),
(1114, 2, 'Vacant', 'Under Maintainance'),
(1115, 3, 'Vacant', 'Ready'),
(1116, 4, 'Vacant', 'For Cleaning'),
(1117, 1, 'Vacant', 'Under Maintainance'),
(1118, 2, 'Vacant', 'Ready'),
(1119, 3, 'Vacant', 'For Cleaning'),
(1120, 4, 'Vacant', 'Under Maintainance'),
(1201, 1, 'Vacant', 'Ready'),
(1202, 2, 'Vacant', 'For Cleaning'),
(1203, 3, 'Vacant', 'Under Maintainance'),
(1204, 4, 'Vacant', 'Ready'),
(1205, 1, 'Vacant', 'For Cleaning'),
(1206, 2, 'Vacant', 'Under Maintainance'),
(1207, 3, 'Vacant', 'Ready'),
(1208, 4, 'Vacant', 'For Cleaning'),
(1209, 1, 'Vacant', 'Under Maintainance'),
(1210, 2, 'Vacant', 'Ready'),
(1211, 3, 'Vacant', 'For Cleaning'),
(1212, 4, 'Vacant', 'Under Maintainance'),
(1213, 1, 'Vacant', 'Ready'),
(1214, 2, 'Vacant', 'For Cleaning'),
(1215, 3, 'Vacant', 'Under Maintainance'),
(1216, 4, 'Vacant', 'Ready'),
(1217, 1, 'Vacant', 'For Cleaning'),
(1218, 2, 'Vacant', 'Under Maintainance'),
(1219, 3, 'Vacant', 'Ready'),
(1220, 4, 'Vacant', 'For Cleaning'),
(1301, 1, 'Vacant', 'Under Maintainance'),
(1302, 2, 'Vacant', 'Ready'),
(1303, 3, 'Vacant', 'For Cleaning'),
(1304, 4, 'Vacant', 'Under Maintainance'),
(1305, 1, 'Vacant', 'Ready'),
(1306, 2, 'Vacant', 'For Cleaning'),
(1307, 3, 'Vacant', 'Under Maintainance'),
(1308, 4, 'Vacant', 'Ready'),
(1309, 1, 'Vacant', 'For Cleaning'),
(1310, 2, 'Vacant', 'Under Maintainance'),
(1311, 3, 'Vacant', 'Ready'),
(1312, 4, 'Vacant', 'For Cleaning'),
(1313, 1, 'Vacant', 'Under Maintainance'),
(1314, 2, 'Vacant', 'Ready'),
(1315, 3, 'Vacant', 'For Cleaning'),
(1316, 4, 'Vacant', 'Under Maintainance'),
(1317, 1, 'Vacant', 'Ready'),
(1318, 2, 'Vacant', 'For Cleaning'),
(1319, 3, 'Vacant', 'Under Maintainance'),
(1320, 4, 'Vacant', 'Ready'),
(1401, 1, 'Vacant', 'For Cleaning'),
(1402, 2, 'Vacant', 'Under Maintainance'),
(1403, 3, 'Vacant', 'Ready'),
(1404, 4, 'Vacant', 'For Cleaning'),
(1405, 1, 'Vacant', 'Under Maintainance'),
(1406, 2, 'Vacant', 'Ready'),
(1407, 3, 'Vacant', 'For Cleaning'),
(1408, 4, 'Vacant', 'Under Maintainance'),
(1409, 1, 'Vacant', 'Ready'),
(1410, 2, 'Vacant', 'For Cleaning'),
(1411, 3, 'Vacant', 'Under Maintainance'),
(1412, 4, 'Vacant', 'Ready'),
(1413, 1, 'Vacant', 'For Cleaning'),
(1414, 2, 'Vacant', 'Under Maintainance'),
(1415, 3, 'Vacant', 'Ready'),
(1416, 4, 'Vacant', 'For Cleaning'),
(1417, 1, 'Vacant', 'Under Maintainance'),
(1418, 2, 'Vacant', 'Ready'),
(1419, 3, 'Vacant', 'For Cleaning'),
(1420, 4, 'Vacant', 'Under Maintainance'),
(1501, 1, 'Vacant', 'Ready'),
(1502, 2, 'Vacant', 'For Cleaning'),
(1503, 3, 'Vacant', 'Under Maintainance'),
(1504, 4, 'Vacant', 'Ready'),
(1505, 1, 'Vacant', 'For Cleaning'),
(1506, 2, 'Vacant', 'Under Maintainance'),
(1507, 3, 'Vacant', 'Ready'),
(1508, 4, 'Vacant', 'For Cleaning'),
(1509, 1, 'Vacant', 'Under Maintainance'),
(1510, 2, 'Vacant', 'Ready'),
(1511, 3, 'Vacant', 'For Cleaning'),
(1512, 4, 'Vacant', 'Under Maintainance'),
(1513, 1, 'Vacant', 'Ready'),
(1514, 2, 'Vacant', 'For Cleaning'),
(1515, 3, 'Vacant', 'Under Maintainance'),
(1516, 4, 'Vacant', 'Ready'),
(1517, 1, 'Vacant', 'For Cleaning'),
(1518, 2, 'Vacant', 'Under Maintainance'),
(1519, 3, 'Vacant', 'Ready'),
(1520, 4, 'Vacant', 'For Cleaning'),
(1601, 1, 'Vacant', 'Under Maintainance'),
(1602, 2, 'Vacant', 'Ready'),
(1603, 3, 'Vacant', 'For Cleaning'),
(1604, 4, 'Vacant', 'Under Maintainance'),
(1605, 1, 'Vacant', 'Ready'),
(1606, 2, 'Vacant', 'For Cleaning'),
(1607, 3, 'Vacant', 'Under Maintainance'),
(1608, 4, 'Vacant', 'Ready'),
(1609, 1, 'Vacant', 'For Cleaning'),
(1610, 2, 'Vacant', 'Under Maintainance'),
(1611, 3, 'Vacant', 'Ready'),
(1612, 4, 'Vacant', 'For Cleaning'),
(1613, 1, 'Vacant', 'Under Maintainance'),
(1614, 2, 'Vacant', 'Ready'),
(1615, 3, 'Vacant', 'For Cleaning'),
(1616, 4, 'Vacant', 'Under Maintainance'),
(1617, 1, 'Vacant', 'Ready'),
(1618, 2, 'Vacant', 'For Cleaning'),
(1619, 3, 'Vacant', 'Under Maintainance'),
(1620, 4, 'Vacant', 'Ready'),
(1701, 1, 'Vacant', 'For Cleaning'),
(1702, 2, 'Vacant', 'Under Maintainance'),
(1703, 3, 'Vacant', 'Ready'),
(1704, 4, 'Vacant', 'For Cleaning'),
(1705, 1, 'Vacant', 'Under Maintainance'),
(1706, 2, 'Vacant', 'Ready'),
(1707, 3, 'Vacant', 'For Cleaning'),
(1708, 4, 'Vacant', 'Under Maintainance'),
(1709, 1, 'Vacant', 'Ready'),
(1710, 2, 'Vacant', 'For Cleaning'),
(1711, 3, 'Vacant', 'Under Maintainance'),
(1712, 4, 'Vacant', 'Ready'),
(1713, 1, 'Vacant', 'For Cleaning'),
(1714, 2, 'Vacant', 'Under Maintainance'),
(1715, 3, 'Vacant', 'Ready'),
(1716, 4, 'Vacant', 'For Cleaning'),
(1717, 1, 'Vacant', 'Under Maintainance'),
(1718, 2, 'Vacant', 'Ready'),
(1719, 3, 'Vacant', 'For Cleaning'),
(1720, 4, 'Vacant', 'Under Maintainance'),
(1801, 1, 'Vacant', 'Ready'),
(1802, 2, 'Vacant', 'For Cleaning'),
(1803, 3, 'Vacant', 'Under Maintainance'),
(1804, 4, 'Vacant', 'Ready'),
(1805, 1, 'Vacant', 'For Cleaning'),
(1806, 2, 'Vacant', 'Under Maintainance'),
(1807, 3, 'Vacant', 'Ready'),
(1808, 4, 'Vacant', 'For Cleaning'),
(1809, 1, 'Vacant', 'Under Maintainance'),
(1810, 2, 'Vacant', 'Ready'),
(1811, 3, 'Vacant', 'For Cleaning'),
(1812, 4, 'Vacant', 'Under Maintainance'),
(1813, 1, 'Vacant', 'Ready'),
(1814, 2, 'Vacant', 'For Cleaning'),
(1815, 3, 'Vacant', 'Under Maintainance'),
(1816, 4, 'Vacant', 'Ready'),
(1817, 1, 'Vacant', 'For Cleaning'),
(1818, 2, 'Vacant', 'Under Maintainance'),
(1819, 3, 'Vacant', 'Ready'),
(1820, 4, 'Vacant', 'For Cleaning'),
(1901, 1, 'Vacant', 'Under Maintainance'),
(1902, 2, 'Vacant', 'Ready'),
(1903, 3, 'Vacant', 'For Cleaning'),
(1904, 4, 'Vacant', 'Under Maintainance'),
(1905, 1, 'Vacant', 'Ready'),
(1906, 2, 'Vacant', 'For Cleaning'),
(1907, 3, 'Vacant', 'Under Maintainance'),
(1908, 4, 'Vacant', 'Ready'),
(1909, 1, 'Vacant', 'For Cleaning'),
(1910, 2, 'Vacant', 'Under Maintainance'),
(1911, 3, 'Vacant', 'Ready'),
(1912, 4, 'Vacant', 'For Cleaning'),
(1913, 1, 'Vacant', 'Under Maintainance'),
(1914, 2, 'Vacant', 'Ready'),
(1915, 3, 'Vacant', 'For Cleaning'),
(1916, 4, 'Vacant', 'Under Maintainance'),
(1917, 1, 'Vacant', 'Ready'),
(1918, 2, 'Vacant', 'For Cleaning'),
(1919, 3, 'Vacant', 'Under Maintainance'),
(1920, 4, 'Vacant', 'Ready'),
(2001, 1, 'Vacant', 'For Cleaning'),
(2002, 2, 'Vacant', 'Under Maintainance'),
(2003, 3, 'Vacant', 'Ready'),
(2004, 4, 'Vacant', 'For Cleaning'),
(2005, 1, 'Vacant', 'Under Maintainance'),
(2006, 2, 'Vacant', 'Ready'),
(2007, 3, 'Vacant', 'For Cleaning'),
(2008, 4, 'Vacant', 'Under Maintainance'),
(2009, 1, 'Vacant', 'Ready'),
(2010, 2, 'Vacant', 'For Cleaning'),
(2011, 3, 'Vacant', 'Under Maintainance'),
(2012, 4, 'Vacant', 'Ready'),
(2013, 1, 'Vacant', 'For Cleaning'),
(2014, 2, 'Vacant', 'Under Maintainance'),
(2015, 3, 'Vacant', 'Ready'),
(2016, 4, 'Vacant', 'For Cleaning'),
(2017, 1, 'Vacant', 'Under Maintainance'),
(2018, 2, 'Vacant', 'Ready'),
(2019, 3, 'Vacant', 'For Cleaning'),
(2020, 4, 'Vacant', 'Under Maintainance');

-- Employees
INSERT INTO employee (first_name, last_name, emp_position, emp_status) VALUES
('Carla', 'Reyes', 'Front desk',  'Active'),
('Mark', 'Villanueva', 'Housekeeping',  'Active'),
('Susan', 'Lim', 'Admin',  'Active'),
('Rico', 'Lopez', 'Housekeeping', 'Leave-sick');

-- Housekeeping Items
INSERT INTO booking (guest_id, room_id, booking_date, start_date, end_date) VALUES
-- Guest 1001 (Juan Dela Cruz) - 3 bookings
(1001, 501, '2024-01-05', '2024-01-10', '2024-01-15'),
(1001, 605, '2024-06-12', '2024-06-15', '2024-06-18'),
(1001, 1203, '2025-02-03', '2025-02-05', '2025-02-10'),
-- Guest 1002 (Maria Santos) - 2 bookings
(1002, 520, '2024-03-11', '2024-03-20', '2024-03-25'),
(1002, 705, '2025-01-08', '2025-01-10', '2025-01-14'),
-- Guest 1003 (Jose Reyes) - 4 bookings
(1003, 602, '2024-02-02', '2024-02-05', '2024-02-09'),
(1003, 1804, '2024-09-20', '2024-09-21', '2024-09-25'),
(1003, 805, '2025-03-15', '2025-03-18', '2025-03-23'),
(1003, 2008, '2025-05-05', '2025-05-07', '2025-05-12'),
-- Guest 1004 (Ana Lopez) - 3 bookings
(1004, 516, '2024-04-10', '2024-04-12', '2024-04-16'),
(1004, 1107, '2024-12-05', '2024-12-07', '2024-12-12'),
(1004, 1902, '2025-04-02', '2025-04-04', '2025-04-09'),
-- Guest 1005 (Pedro Garcia) - 2 bookings
(1005, 619, '2024-05-03', '2024-05-05', '2024-05-07'),
(1005, 1308, '2025-02-25', '2025-02-27', '2025-03-02'),
-- Guest 1006 (Carmen Mendoza) - 4 bookings
(1006, 707, '2024-07-10', '2024-07-12', '2024-07-18'),
(1006, 1701, '2024-10-22', '2024-10-24', '2024-10-28'),
(1006, 802, '2025-03-08', '2025-03-09', '2025-03-13'),
(1006, 1406, '2025-05-20', '2025-05-22', '2025-05-26'),
-- Guest 1007 (Ramon Castro) - 5 bookings
(1007, 515, '2024-01-25', '2024-01-27', '2024-02-01'),
(1007, 615, '2024-06-18', '2024-06-20', '2024-06-25'),
(1007, 905, '2024-11-08', '2024-11-10', '2024-11-14'),
(1007, 1502, '2025-04-12', '2025-04-14', '2025-04-19'),
(1007, 2005, '2025-06-01', '2025-06-03', '2025-06-08'),
-- Guest 1008 (Lucia Torres) - 3 bookings
(1008, 520, '2024-03-04', '2024-03-06', '2024-03-10'),
(1008, 905, '2024-08-13', '2024-08-15', '2024-08-19'),
(1008, 1604, '2025-01-20', '2025-01-22', '2025-01-27'),
-- Guest 1009 (Diego Bautista) - 2 bookings
(1009, 718, '2024-09-01', '2024-09-03', '2024-09-06'),
(1009, 1807, '2025-02-12', '2025-02-14', '2025-02-18'),
-- Guest 1010 (Elena Cruz) - 4 bookings
(1010, 513, '2024-02-17', '2024-02-19', '2024-02-23'),
(1010, 630, '2024-07-21', '2024-07-23', '2024-07-28'),
(1010, 1710, '2025-03-01', '2025-03-03', '2025-03-07'),
(1010, 2003, '2025-05-10', '2025-05-12', '2025-05-17');


-- Bookings
INSERT INTO booking (guest_id, room_id, booking_date, start_date, end_date) VALUES
(1001, 502, '2025-11-01', '2025-11-03', '2025-11-05'),  
(1002, 1203, '2025-11-05', '2025-11-06', '2025-11-08'),  
(1003, 501, '2025-11-08', '2025-11-09', '2025-11-10');  

-- Payments
INSERT INTO payment (booking_id, amount_paid, payment_method, payment_datetime) VALUES
(1, 5000.00, 'Credit Card', '2025-11-01 11:45:00'),
(2, 7000.00, 'Cash', '2025-11-05 09:20:00'),
(3, 1500.00, 'Debit Card','2025-11-08 13:10:00');

-- Guest Stay
INSERT INTO GuestStay (booking_id, employee_id, check_in_time_date, expected_check_out_time_date, actual_check_out_time_date, remarks) VALUES
(1, 1, '2025-11-03 14:00:00', '2025-11-05 12:00:00', '2025-11-05 11:30:00', 'Smooth check-out'),
(2, 1, '2025-11-06 15:00:00', '2025-11-08 12:00:00', NULL, 'Guest still checked in'),
(3, 1, '2025-11-09 13:30:00', '2025-11-10 12:00:00', '2025-11-10 12:05:00', 'On-time check-out');

-- Housekeeping Item Issuance
INSERT INTO housekeeping_item_issuance (housekeeping_item_id, employee_id, issuer_id, quantity_issued, remarks) VALUES
(1, 2, 3, 5,  'Issued for Room cleaning'),
(2, 2, 3, 10, 'Daily cleaning supplies'),
(3, 4, 3, 8, 'Restocking supplies'), 
(5, 2, 3, 2, 'Bedsheets replacement for Room');